Modelo,Accuracy,Precision,Recall,F1,ROC_AUC
RandomForest (Grid),0.8045977011494253,0.6057941024314537,0.6494731003882418,0.6268736616702355,0.8592893646377945
